{
	"format_version": "1.8.0",
	"animations": {
		"swim": {
			"loop": true,
			"animation_length": 0.95833,
			"bones": {
				"torso": {
					"rotation": {
						"0.0": {
							"vector": [8.3, 0, 0]
						},
						"0.2917": {
							"vector": [11.83, 0, 0]
						},
						"0.7083": {
							"vector": [-7.5, 0, 0]
						},
						"0.9583": {
							"vector": [6.84, 0, 0]
						}
					},
					"position": {
						"0.0": {
							"vector": [0, 0, 0]
						},
						"0.5": {
							"vector": [0, -1, 0]
						},
						"0.9583": {
							"vector": [0, -0.05, 0]
						}
					}
				},
				"head": {
					"rotation": {
						"0.0": {
							"vector": [-7.5, 0, 0]
						},
						"0.2917": {
							"vector": [-13.9, 0, 0]
						},
						"0.7083": {
							"vector": [6.73, 0, 0]
						},
						"0.9583": {
							"vector": [-5.1, 0, 0]
						}
					}
				},
				"leg_4": {
					"rotation": {
						"0.0": {
							"vector": [0, 0, 0]
						},
						"0.25": {
							"vector": [-10, -20, 0]
						},
						"0.75": {
							"vector": [4.73888, -7.54473, 1.09033]
						},
						"0.9167": {
							"vector": [0, 0, 0]
						}
					}
				},
				"leg_1": {
					"rotation": {
						"0.0": {
							"vector": [0, 0, 0]
						},
						"0.25": {
							"vector": [-10, -20, 0]
						},
						"0.75": {
							"vector": [4.73888, -7.54473, 1.09033]
						},
						"0.9167": {
							"vector": [0, 0, 0]
						}
					}
				},
				"tail": {
					"rotation": {
						"0.0": {
							"vector": [0, 15, 0]
						},
						"0.5": {
							"vector": [0, -15, 0]
						},
						"0.9583": {
							"vector": [0, 13.36, 0]
						}
					}
				}
			}
		},
		"walk": {
			"loop": true,
			"animation_length": 2.70833,
			"bones": {
				"torso": {
					"rotation": {
						"0.0": {
							"vector": [0, 0, 0]
						},
						"2.7083": {
							"vector": [0, 0, 0]
						}
					}
				},
				"head": {
					"rotation": {
						"0.0": {
							"vector": [0, -7.5, 0]
						},
						"1.3333": {
							"vector": [0, 6.7, 0]
						},
						"2.7083": {
							"vector": [0, -7.5, 0]
						}
					}
				},
				"leg_4": {
					"rotation": {
						"0.0": {
							"vector": [-114.53622, -13.4295, 63.2147]
						},
						"1.3333": {
							"vector": [-72.97252, 7.2581, 60.4097]
						},
						"2.7083": {
							"vector": [-114.53622, -13.4295, 63.2147]
						}
					}
				},
				"leg_3": {
					"rotation": {
						"0.0": {
							"vector": [-72.97252, -7.25813, -60.40974]
						},
						"1.3333": {
							"vector": [-114.53622, 13.42946, -63.21475]
						},
						"2.7083": {
							"vector": [-72.97252, -7.25813, -60.40974]
						}
					}
				},
				"leg_2": {
					"rotation": {
						"0.0": {
							"vector": [-114.53622, 13.42946, -63.21475]
						},
						"1.3333": {
							"vector": [-72.97252, -7.25813, -60.40974]
						},
						"2.7083": {
							"vector": [-114.53622, 13.42946, -63.21475]
						}
					}
				},
				"leg_1": {
					"rotation": {
						"0.0": {
							"vector": [-72.97252, 7.2581, 60.4097]
						},
						"1.3333": {
							"vector": [-114.53622, -13.4295, 63.2147]
						},
						"2.7083": {
							"vector": [-72.97252, 7.2581, 60.4097]
						}
					}
				},
				"tail": {
					"rotation": {
						"0.0": {
							"post": {
								"vector": [0, -10, 0]
							},
							"lerp_mode": "catmullrom"
						},
						"1.3333": {
							"post": {
								"vector": [0, 10, 0]
							},
							"lerp_mode": "catmullrom"
						},
						"2.7083": {
							"post": {
								"vector": [0, -10, 0]
							},
							"lerp_mode": "catmullrom"
						}
					}
				}
			}
		},
		"idle": {
			"loop": true,
			"animation_length": 1,
			"bones": {
				"torso": {
					"rotation": {
						"vector": [0, 0, 0]
					},
					"position": {
						"0.0": {
							"vector": [0, 0, 0]
						},
						"0.5": {
							"vector": [0, 0.05, 0]
						},
						"1.0": {
							"vector": [0, 0, 0]
						}
					}
				},
				"head": {
					"rotation": {
						"0.0": {
							"vector": [0, 0, 0]
						},
						"0.5": {
							"vector": [-1, 0, 0]
						},
						"1.0": {
							"vector": [0, 0, 0]
						}
					},
					"position": {
						"0.0": {
							"vector": [0, 0, 0]
						},
						"0.5": {
							"vector": [0, 0.01, 0]
						},
						"1.0": {
							"vector": [0, 0, 0]
						}
					}
				},
				"tail": {
					"rotation": {
						"0.0": {
							"vector": [0, 15, 0]
						},
						"0.5": {
							"vector": [0, -15, 0]
						},
						"1.0": {
							"vector": [0, 15, 0]
						}
					}
				}
			}
		},
		"dig": {
			"loop": true,
			"animation_length": 0.5,
			"bones": {
				"torso": {
					"rotation": {
						"0.0": {
							"vector": [0, -7.5, 0]
						},
						"0.25": {
							"vector": [0, 7.5, 0]
						},
						"0.5": {
							"vector": [0, -7.5, 0]
						}
					}
				},
				"head": {
					"rotation": {
						"0.0": {
							"vector": [0, 7.5, 0]
						},
						"0.25": {
							"vector": [0, -7.5, 0]
						},
						"0.5": {
							"vector": [0, 7.5, 0]
						}
					}
				},
				"leg_2": {
					"rotation": {
						"0.0": {
							"vector": [-57.59891, -2.68407, -65.77995]
						},
						"0.25": {
							"vector": [-132.5, 0, -70]
						},
						"0.5": {
							"vector": [-57.59891, -2.68407, -65.77995]
						}
					},
					"position": {
						"vector": [0, -0.4, 0]
					}
				},
				"leg_1": {
					"rotation": {
						"0.0": {
							"vector": [-57.5, 0.00003, 70.00005]
						},
						"0.25": {
							"vector": [-132.8618, -10.88819, 76.66213]
						},
						"0.5": {
							"vector": [-57.5, 0.00003, 70.00005]
						}
					},
					"position": {
						"vector": [0, -0.4, 0]
					}
				}
			}
		}
	},
	"geckolib_format_version": 2
}